name,tier,domain,linkedin_url
7LFreight,Platinum,7lfreight.com,
Air Canada Cargo,Platinum,aircanada.com,
AIT Worldwide Logistics,Platinum,aitworldwide.com,
Alaska Air Cargo,Platinum,alaskacargo.com,
ALG Worldwide Logistics,Platinum,algworldwide.com,
Allstates WorldCargo,Platinum,allstates-worldcargo.com,
AMK9,Platinum,amk9.com,
BTX Global Logistics,Platinum,btxglobal.com,
Delta Cargo,Diamond,deltacargo.com,
Direct Expedite,Platinum,directexpedite.com,
Estes Forwarding Worldwide,Platinum,efwnow.com,
Express Air,Platinum,expressair.com,
Forward Air,Platinum,forwardair.com,
Global K9,Platinum,gk9pg.com,
Kale Logistics,Platinum,kalelogistics.com,
Lynden Logistics,Platinum,lynden.com,
Openforce,Title,openforce.com,
PayCargo,Diamond,paycargo.com,
PGL,Platinum,pfrlogistics.com,
Pilot Freight Services,Platinum,pilotdelivers.com,
Radiant Global Logistics,Platinum,radiantdelivers.com,
Rickenbacker International Airport,Platinum,rickenbacker.org,
Rock-It Cargo,Platinum,rockitcargo.com,
Saturn Freight Systems,Platinum,saturnfs.com,
Scan Global Logistics,Platinum,scangl.com,
Seko Logistics,Platinum,sekologistics.com,
SOC,Platinum,soc.com,
Sterling Transportation,Platinum,sterlingtransportation.com,
Team Worldwide,Platinum,teamww.com,
United Cargo,Diamond,unitedcargo.com,
WCA World,Platinum,wcaworld.com,
WebCargo,Diamond,webcargo.co,
WiseTech Global,Diamond,wisetechglobal.com,
American Airlines Cargo,Gold,aacargo.com,
Ameriflight,Gold,ameriflight.com,
Amerijet International,Gold,amerijet.com,
Antonov Airlines,Gold,antonov-airlines.com,
Apex Logistics,Gold,apexlogistics.com,
Ascent Global Logistics,Gold,ascentgl.com,
Cathay Cargo,Gold,cathaycargo.com,
DHL Express,Gold,dhl.com,
Everts Air,Gold,evertsair.com,
Hawaiian Air Cargo,Gold,hawaiianaircargo.com,
Kalitta Charters II,Gold,kalittacharters.com,
KLM Cargo,Gold,afklcargo.com,
Lufthansa Cargo,Gold,lufthansa-cargo.com,
National Airlines,Gold,nationalairlines.com,
Southwest Airlines Cargo,Gold,swacargo.com,
UPS Airlines,Gold,ups.com,
Avalon Risk Management,Gold,avalonrisk.com,
Champ Cargosystems,Gold,champ.aero,
Dallas Fort Worth Airport,Gold,dfwairport.com,
Expeditors,Gold,expeditors.com,
Freightos,Gold,freightos.com,
MSA Security,Gold,msasecurity.net,
Roanoke Insurance,Gold,roanoketrade.com,
Swissport,Gold,swissport.com,
Unisys,Gold,unisys.com,
Worldwide Flight Services,Gold,wfs.aero,
ACI-North America,Host,airportscouncil.org,
AEMCA,Host,aemca.org,
Airforwarders Association,Host,airforwarders.org,
